shape_id,x,y,z
0,133.64855035733825,66.29768942948984,496.6919929832147
1,54.040500796662855,61.85207177095262,496.6919929832147
2,21.49998418791963,14.49657932131702,496.6919929832147
